用途,原地址,本地文件,对应依据
张诚扬——夜晚海边的潮流人像,https://aka.doubaocdn.com/s/VrIuetgIcN,images/profile/01.jpg,修复版相同图片说明及页面顺序
金铲铲之战——阿狸六杀播报条上色方案,https://aka.doubaocdn.com/s/Xuk4E1xuFm,images/tencent/01.jpg,修复版相同图片说明及页面顺序
中式梦核恐怖游戏——拱门红灯笼主视觉,https://aka.doubaocdn.com/s/ZWRDuFoTkB,images/graduation/01.jpg,修复版相同图片说明及页面顺序
消失的烟花——青绿色粒子光效,https://aka.doubaocdn.com/s/cJVzKDpVW0,images/fireworks/01.jpg,修复版相同图片说明及页面顺序
无尽回廊——幽暗走廊场景,https://aka.doubaocdn.com/s/7rFkQucSXc,images/corridor/01.jpg,修复版相同图片说明及页面顺序
回声步伐——发光灯管装置,https://aka.doubaocdn.com/s/85CeWu44Dl,images/echo/01.jpg,修复版相同图片说明及页面顺序
阿狸六杀播报横幅上色方案,https://aka.doubaocdn.com/s/Xuk4E1xuFm,images/tencent/01.jpg,修复版相同图片说明及页面顺序
森林主题徽章方案·四色系,https://aka.doubaocdn.com/s/xfHCTAJ03X,images/tencent/02.png,修复版相同图片说明及页面顺序
森林主题徽章方案第二版,https://aka.doubaocdn.com/s/XSmEK9iS03,images/tencent/03.png,修复版相同图片说明及页面顺序
阿狸六杀飘带线稿,https://aka.doubaocdn.com/s/Ueew5MuIvx,images/tencent/04.png,修复版相同图片说明及页面顺序
阿狸六杀线稿横幅,https://aka.doubaocdn.com/s/3zvX6exTUd,images/tencent/05.png,修复版相同图片说明及页面顺序
阿狸六杀上色横幅,https://aka.doubaocdn.com/s/Xuk4E1xuFm,images/tencent/01.jpg,修复版相同图片说明及页面顺序
萨勒芬妮四格动画分镜线稿,https://aka.doubaocdn.com/s/3gsmvc0nSX,images/tencent/06.png,修复版相同图片说明及页面顺序
播报条与徽章汇总方案,https://aka.doubaocdn.com/s/Qg51KGTl38,images/tencent/07.jpg,修复版相同图片说明及页面顺序
中式梦核恐怖游戏——拱门红灯笼主视觉,https://aka.doubaocdn.com/s/ZWRDuFoTkB,images/graduation/01.jpg,修复版相同图片说明及页面顺序
红色走廊与木质门窗场景,https://aka.doubaocdn.com/s/OTPuVUqza2,images/graduation/02.jpg,修复版相同图片说明及页面顺序
福禄寿装饰画室内场景,https://aka.doubaocdn.com/s/FULS5qTtDU,images/graduation/03.jpg,修复版相同图片说明及页面顺序
红色中式街巷场景,https://aka.doubaocdn.com/s/YUIFQSlUqG,images/graduation/04.jpg,修复版相同图片说明及页面顺序
灯笼密集的中式街道场景,https://aka.doubaocdn.com/s/VHKrTXDwFY,images/graduation/05.jpg,修复版相同图片说明及页面顺序
消失的烟花——青绿色粒子光效,https://aka.doubaocdn.com/s/R0GDtOB1C6,images/fireworks/02.jpg,修复版相同图片说明及页面顺序
烟花互动体验完整逻辑链路,https://aka.doubaocdn.com/s/kUhdN7CA28,images/fireworks/03.jpg,修复版相同图片说明及页面顺序
房间角落的烟花图案,https://aka.doubaocdn.com/s/cJVzKDpVW0,images/fireworks/01.jpg,修复版相同图片说明及页面顺序
与粒子互动的光效,https://aka.doubaocdn.com/s/X0z9V1URaU,images/fireworks/04.jpg,修复版相同图片说明及页面顺序
代表不同领域的声音,https://aka.doubaocdn.com/s/5gCU2XAeSf,images/fireworks/05.jpg,修复版相同图片说明及页面顺序
互动空间布局示意,https://aka.doubaocdn.com/s/hIFCsZWXPS,images/fireworks/06.jpg,修复版相同图片说明及页面顺序
TouchDesigner 粒子系统参数界面,https://aka.doubaocdn.com/s/MAa0JpUgTm,images/fireworks/07.jpg,修复版相同图片说明及页面顺序
手部干预粒子烟花的抽象光效,https://aka.doubaocdn.com/s/R0GDtOB1C6,images/fireworks/02.jpg,修复版相同图片说明及页面顺序
重新选择你的视角互动区,https://aka.doubaocdn.com/s/OHBDhTmyoL,images/fireworks/08.jpg,修复版相同图片说明及页面顺序
通往烟花放映室的导览走廊,https://aka.doubaocdn.com/s/4fvyZOD2jY,images/fireworks/09.jpg,修复版相同图片说明及页面顺序
手势干预粒子烟花互动装置,https://aka.doubaocdn.com/s/JQuZjc2zyf,images/fireworks/10.jpg,修复版相同图片说明及页面顺序
沉浸式烟花放映厅,https://aka.doubaocdn.com/s/iEsDdmPyOA,images/fireworks/11.jpg,修复版相同图片说明及页面顺序
无尽回廊——幽暗走廊场景渲染,https://aka.doubaocdn.com/s/7rFkQucSXc,images/corridor/01.jpg,修复版相同图片说明及页面顺序
Elisa 视角——层级化的空间叙事,https://aka.doubaocdn.com/s/JY1vZd1uHy,images/corridor/02.jpg,修复版相同图片说明及页面顺序
旁观者视角——建筑拆解分析,https://aka.doubaocdn.com/s/K9hpvM204x,images/corridor/03.jpg,修复版相同图片说明及页面顺序
UE 编辑器 jiudian6 场景,https://aka.doubaocdn.com/s/MHwo9rGDoq,images/corridor/04.jpg,修复版相同图片说明及页面顺序
UE 编辑器 jiudian3 室内场景,https://aka.doubaocdn.com/s/iXyACpJytd,images/corridor/05.jpg,修复版相同图片说明及页面顺序
UE 编辑器 jiudian2 走廊场景,https://aka.doubaocdn.com/s/2vDhVfpMaV,images/corridor/06.jpg,修复版相同图片说明及页面顺序
UE 编辑器 jiudian4 管道场景,https://aka.doubaocdn.com/s/5JN3GJHlm7,images/corridor/07.jpg,修复版相同图片说明及页面顺序
UE 编辑器 jiudian5 冷蓝浴室,https://aka.doubaocdn.com/s/ecUJM3omrM,images/corridor/08.jpg,修复版相同图片说明及页面顺序
UE 编辑器 jiudian5 浴室隔断,https://aka.doubaocdn.com/s/adRVIggTqt,images/corridor/09.jpg,修复版相同图片说明及页面顺序
回声步伐——发光灯管装置,https://aka.doubaocdn.com/s/85CeWu44Dl,images/echo/01.jpg,修复版相同图片说明及页面顺序
人与灯管装置互动,https://aka.doubaocdn.com/s/aCsGDGaYYP,images/echo/02.jpg,修复版相同图片说明及页面顺序
灯管装置点亮效果,https://aka.doubaocdn.com/s/85CeWu44Dl,images/echo/01.jpg,修复版相同图片说明及页面顺序
视频封面,https://aka.doubaocdn.com/s/ZWRDuFoTkB,images/graduation/01.jpg,修复版视频顺序
视频封面,https://aka.doubaocdn.com/s/R0GDtOB1C6,images/fireworks/02.jpg,修复版视频顺序
视频封面,https://aka.doubaocdn.com/s/7rFkQucSXc,images/corridor/01.jpg,修复版视频顺序
